text	label	Pattern Category
218 personnes ont ajouté cet article à leurs paniers	1	Social proof
Quelqu'un de Norvège a acheté une râpe Super FG - 12x plus rapide - 15 % de réduction	1	Social proof
Gros succès	1	Social proof
Quelqu'un vient d'acheter	1	Social proof
1 142 personnes viennent d'ajouter au panier	1	Social proof
9 personnes regardent	1	Social proof
77 personnes aiment	1	Social proof
Une autre personne vient de passer commande	1	Social proof
24 ventes dans ces dernières 24 heures	1	Social proof
45 personnes ont ajouté ceci à leur panier dans ces dernières 24 heures	1	Social proof
19 personnes ont vu ce produit aujourd'hui	1	Social proof
quelqu'un a acheté	1	Social proof
40 personnes sont actuellement en train d'utiliser notre site 	1	Social proof
1 personne est en train de regarder ce produit	1	Social proof
Acheté par 39 personnes dans les dernières heures!	1	Social proof
Dans le panier de 43 personnes	1	Social proof
80 personnes considèrent ce produit actuellement	1	Social proof
71 personnes ont acheté ce produit	1	Social proof
71 personnes ont acheté cet objet	1	Social proof
25 432 personnes ont vu cet objet	1	Social proof
5 personnes ont regadré aujourd'hui	1	Social proof
78 personnes cherchent ce produit	1	Social proof
227 déjà achetés	1	Social proof
6 personnes ont déjà acheté chez nous aujourd'hui	1	Social proof
3 personnes ont récemment regardé	1	Social proof
récemment regardé, d'autres personnes ont vu il y a quelques heures	1	Social proof
2 vues par heure	1	Social proof
1 autre client a ce produit dans son panier	1	Social proof
Si populaire ! 21 achats ces derniers 7 jours	1	Social proof
plus de 38 ont acheté	1	Social proof
quelqu'un en Espagne vient d'acheter	1	Social proof
plus de 2 personnes viennent de regarder ce produit	1	Social proof
8 personnes regardent cette oeuvre	1	Social proof
Un client a acheté ce produit il y a 53 min	1	Social proof
déjà dans le panier d'autres clients	1	Social proof
24 personnes intéressées	1	Social proof
9 personnes regardent ça	1	Social proof
4 ventes en moins de 5 heures	1	Social proof
Quelqu'un vient juste d'ajouter Radiance - Nebulizing Diffuser® à leur panier	1	Social proof
il s'est écoulé 18 min depuis le dernier achat	1	Social proof
à la mode ! Ce produit a été ajouté à un panier 39 fois aujourd'hui	1	Social proof
8 personnes l'ont dans leur sac actuellement	1	Social proof
Le plus populaire	1	Social proof
65% de nos clients ont ajouté Surefit protection cette année	1	Social proof
33 personnes ont jeté un oeil à cet objet	1	Social proof
Ce produit a été vu par une autre personne il y a 6 secondes	1	Social proof
acheté 6 fois cette semaine	1	Social proof
39 l'ont acheté récemment	1	Social proof
aimé par 400 personnes!	1	Social proof
142 achats	1	Social proof
Chloé vient d'économiser 68€ sur sa commande	1	Social proof
Stylé! vendu 4 fois aujourd'hui	1	Social proof
105 parents achèten ça pour leurs enfants maintenant	1	Social proof
François a acheté un	1	Social proof
Ajouter à la wishlist (13 personnes ont ajouté)	1	Social proof
404 commandes	1	Social proof
61 personnes ont acheté ceci aujourd'hui avec 50 % de réduction	1	Social proof
1044 vendus dans les derniers 6 mois	1	Social proof
dernière vente à 11:36 aujoud'hui	1	Social proof
Ce que les gens pensent de nous...	1	Social proof
Notre meilleure vente	1	Social proof
Prix compétitif	1	Social proof
D'autres personnes ont aussi acheté	1	Social proof
Ce produit est fortement demandé	1	Social proof
Plus de 1 k achetés au cours du mois dernier	1	Social proof
Produits fréquemment achetés ensemble	1	Social proof
Nos produits les plus populaires en vertu du nombre de ventes.	1	Social proof
Les plus demandés	1	Social proof
Bonne affaire	1	Social proof
20+ vendus récemment	1	Social proof
Dans + de 20 paniers	1	Social proof
1 000+ ventes	1	Social proof
Plus de 60 personnes ont ce produit dans leur panier	1	Social proof
vient de l'acheter	1	Social proof
noté 5 étoiles à l'instant	1	Social proof
95.6% Avis positifs	1	Social proof
Fabuleux · 62 expériences vécues	1	Social proof
Déjà 14 commandes en cours !	1	Social proof
Votre panier est vide...	1	Social proof
Bon plan	1	Social proof
12 personnes ont suivi cet objet dans les dernières 24 heures	1	Social proof
Dans 9 paniers	1	Social proof
20 personnes l'ont acheté +2 fois	1	Social proof
Récemment, 182 personnes ont donné une évaluation 5 étoiles à ce produit	1	Social proof
46 vendus au cours des dernières 24 heures	1	Social proof
Plus de 932 personnes ont ce produit dans leur panier	1	Social proof
HOT	1	Social proof
2000+ vendus	1	Social proof
100+ vendus récemment	1	Social proof
Cette offre n'est valide que si vous ajoutez cet article maintenant	1	Forced Action
Toutes vos options incluses	1	Forced Action
Connectez vous ou créez un compte pour voir les ventes du jour	1	Forced Action
Vos articles restent dans votre panier pendant 60 minutes, puis sont déplacés dans vos articles sauvegardés. Connectez-vous pour consulter votre panier et commencez vos achats !	1	Forced Action
acceptez tout et fermer	1	Forced Action
Accepter tout	1	Forced Action
Accepter & fermer	1	Forced Action
Autoriser tous les cookies	1	Forced Action
Connectez-vous pour profiter de toutes les ventes privées	1	Forced Action
Non merci, je ne veux pas faire d’économies	1	Misdirection
Non merci, je préfère me vider de mon sang que de recevoir des notifications !	1	Misdirection
Non, je veux rester pauvre	1	Misdirection
Non, je ne veux pas d'offres	1	Misdirection
Non, je préfère me vider de mon sang	1	Misdirection
Je ne veux pas soutenir une bonne cause	1	Misdirection
Annuler, et perdre mes avantages	1	Misdirection
non je préfère payer plein pot	1	Misdirection
Non merci je n'aime pas quand c'est gratuit	1	Misdirection
Je ne me sens pas chanceux	1	Misdirection
Je ne veux pas économiser de l'argent	1	Misdirection
Non, je préfère payer plein tarif	1	Misdirection
Non merci, je vais payer plein tarif	1	Misdirection
Je fais les courses sans réductions	1	Misdirection
Non merci je m'en fiche de manquer	1	Misdirection
S'inscrire et enregistrer	1	Misdirection
Je ne veux pas protéger mon produit	1	Misdirection
Ajoutez à votre cadeau, c'est gratuit	1	Misdirection
Non merci, je ne veux pas de réduction	1	Misdirection
Non merci, je ne veux pas de bon plan	1	Misdirection
Ajouter et sauvegarder	1	Misdirection
Non merci, je n'aime pas m'amuser	1	Misdirection
Non merci, je n'aime pas les offres exclusives	1	Misdirection
Non merci, j'aimerais 0% de réduction	1	Misdirection
Décochez la case si vous préfèrez ne pas recevoir d'email	1	Misdirection
Non merci, je ne veux pas de cadeau gratuit	1	Misdirection
Non merci, je n'aime pas les promotions ni les contenus exclusifs	1	Misdirection
Non merci, j'économiserai une autre fois	1	Misdirection
Inscrivez-vous et économisez 15%	1	Misdirection
Non merci, je passe	1	Misdirection
Obtenez 50% sur le 2ème produit	1	Misdirection
Ajoutez quelque chose pour rendre votre commande spéciale	1	Misdirection
Non merci, je n'aime pas économiser	1	Misdirection
Non merci, je ne préfère pas gagner	1	Misdirection
Non merci, je ne suis pas intéressé pour économiser de l'argent	1	Misdirection
Non merci, je préfère payer plus	1	Misdirection
Non merci, je ne veux pas 15% de réduction	1	Misdirection
Tourner pour débloquer votre cadeau mystère	1	Misdirection
Non merci, je serais le dernier à savoir	1	Misdirection
Je n'aime pas les cadeaux, non merci	1	Misdirection
Non merci, je déteste les trucs cool	1	Misdirection
Non merci, je n'aime pas les trucs gratuits	1	Misdirection
Non merci, je veux juste le produit	1	Misdirection
Êtes-vous sûrs d'avoir tout ce qu'il vous faut ?	1	Misdirection
Non merci, je méprise les coupons	1	Misdirection
Non merci, j'ai déjà trop d'objets cools	1	Misdirection
Non merci, les trucs gratuits c'est pas pour moi	1	Misdirection
Non merci, je ne veux pas 20% sur ma commande	1	Misdirection
J'ai déjà ce produit. Ne pas l'ajouter au panier	1	Misdirection
Non merci, j'aime pas avoir des choses gratuites	1	Misdirection
Ajoutez pour de meilleurs résultats	1	Misdirection
Non je préfère mener la vie dure	1	Misdirection
Je veux payer plus, plus tard	1	Misdirection
ajouter la chaise la plus confortable du monde	1	Misdirection
Non merci, je ne veux pas économiser jusqu'à 75%	1	Misdirection
Et pourquoi pas ça ?	1	Misdirection
Vous voulez un produit gratuit ?	1	Misdirection
Vous voulez payer plus pour économiser plus ?	1	Misdirection
Je n'aime pas les réductions	1	Misdirection
Non merci, je préfère ne pas avoir de protection	1	Misdirection
Oui! Améliorez mon achat	1	Misdirection
Non, je ne préfère pas entendre parler des offres	1	Misdirection
Non merci, je ne veux pas le meilleur prix	1	Misdirection
Non merci, j'aime le chaos	1	Misdirection
Article similaire à considérer	1	Misdirection
Produits liés à Corde à Sauter, Blukar Speed Jump Rope…	1	Misdirection
Recommandé pour vous d’après Corde à Sauter, Blukar Speed Jump Rope…	1	Misdirection
Economisez 1,20€ sur ce produit après adhésion	1	Misdirection
Ces produits pourraient aussi vous intéresser	1	Misdirection
Les derniers avis sur cet article	0	Not Dark Pattern
Housse de couette unie en gaze de coton, Kumla	0	Not Dark Pattern
menu	0	Not Dark Pattern
Que cherchez-vous ?	0	Not Dark Pattern
Livraison en point retrait gratuite	0	Not Dark Pattern
Ajouter au panier	0	Not Dark Pattern
Description détaillée	0	Not Dark Pattern
Fabriqué en France	0	Not Dark Pattern
8,30€	0	Not Dark Pattern
Acheter cet article	0	Not Dark Pattern
En stock	0	Not Dark Pattern
Amazon Basics Bluetooth Casque supra-auriculaire sans fil 35 heures d’autonomie Noir	0	Not Dark Pattern
Prix total:46,83 €	0	Not Dark Pattern
4,2 sur 5 étoiles	0	Not Dark Pattern
Ecrire un commentaire client	0	Not Dark Pattern
refuser et continuer	0	Not Dark Pattern
Continuer sans accepter	0	Not Dark Pattern
J'achète	0	Not Dark Pattern
Zenbook 14 OLED UM3402YA-KN104W	0	Not Dark Pattern
Garantie 2 ans	0	Not Dark Pattern
dont 0,50 € d'éco-contribution	0	Not Dark Pattern
Performances et Puissance	0	Not Dark Pattern
Articles consultés récemment et autres	0	Not Dark Pattern
Oreiller lombaire à monogramme bleu et ivoire, petits oreillers lombaires rectangulaires, housse de coussin personnalisée à monogramme 30,4 x 50,8 cm	0	Not Dark Pattern
(1000+ commentaires)	0	Not Dark Pattern
Couteau Pratique Télescopique Minuscule Yunmao : Parfait Pour La Couture Diy , L'ouverture De Lettres Et La Coupe De Petites Boîtes	0	Not Dark Pattern
Livraison gratuite	0	Not Dark Pattern
Articles Également Consultés	0	Not Dark Pattern
Voir plus	0	Not Dark Pattern
Mon compte	0	Not Dark Pattern
Mes produits	0	Not Dark Pattern
Panier	0	Not Dark Pattern
Promotions	0	Not Dark Pattern
Catalogue	0	Not Dark Pattern
Avec ses 4 ingrédients d'origine naturelle, la bière Heineken® allie une belle amertume à des notes florales, herbacées et fruitées. Idéale pour l'apéritif, les plats de viande et les fromages à pâtes dures, elle se consomme fraîche entre 3° et 5°.	0	Not Dark Pattern
Description	0	Not Dark Pattern
Profiter de l'offre	0	Not Dark Pattern
Satisfait ou remboursé	0	Not Dark Pattern
Me connecter	0	Not Dark Pattern
Créer mon compte	0	Not Dark Pattern
Offre exclusive Tout à moins de 1€	0	Not Dark Pattern
Ventes flash	0	Not Dark Pattern
Recommandés	0	Not Dark Pattern
Nouveau	0	Not Dark Pattern
(6 614)	0	Not Dark Pattern
2pcs 2D Acrylique Simulation Poulailler Sol I	0	Not Dark Pattern
4 Rouleaux Protecteurs De Sol Pour Pieds De Chaise, Coussinets De Meubles Pour Planchers De Bois Franc, Chaussettes Pour Pieds De Chaise De Bureau, Ruban Antidérapant Réduisant Le Bruit Des Pieds	0	Not Dark Pattern
Fourni par	0	Not Dark Pattern
4,7	0	Not Dark Pattern
Avis sur ce fournisseur (1 745)	0	Not Dark Pattern
Évaluations d'articles (637)	0	Not Dark Pattern
637 avis	0	Not Dark Pattern
Personnaliser les cookies	0	Not Dark Pattern
Refuser les cookies	0	Not Dark Pattern
-76%	0	Not Dark Pattern
Aperçu	0	Not Dark Pattern
Bracelet de Perles en Pierre Naturelle, Améthystes, Cristal, Quartz, Aigue-marine, Jades, Bijoux Agates, Élastique pour Homme et Femme	0	Not Dark Pattern
Ajouter au panier	0	Not Dark Pattern
Acheter	0	Not Dark Pattern
Présentation	0	Not Dark Pattern
16 Apr 2024	0	Not Dark Pattern
Trier par défaut	0	Not Dark Pattern
Le prix inclut la TVA丨2% de réduction bonus	0	Not Dark Pattern
Couleur de Métal: rutilated quartz	0	Not Dark Pattern
Couleur principale de pierre: 6mm beads	0	Not Dark Pattern
Catégories	0	Not Dark Pattern
Nouveautés	0	Not Dark Pattern
Livraison rapide	0	Not Dark Pattern
Sélection du moment	0	Not Dark Pattern
Vêtements pour femmes	0	Not Dark Pattern
Vêtements de plage	0	Not Dark Pattern
Grandes tailles	0	Not Dark Pattern
Maison & Cuisine	0	Not Dark Pattern
Sous-vêtements et vêtements de nuit	0	Not Dark Pattern
Enfants 	0	Not Dark Pattern
Bijoux et accessoires	0	Not Dark Pattern
Chaussures	0	Not Dark Pattern
Beauté	0	Not Dark Pattern
Accueil/	0	Not Dark Pattern
Bas pour femme/	0	Not Dark Pattern
Jupes pour femmes/	0	Not Dark Pattern
Jupe Imprimé Floral Fendu	0	Not Dark Pattern
Tailles & Mesures	0	Not Dark Pattern
Commentaires Des Clients	0	Not Dark Pattern
Note Moyenne	0	Not Dark Pattern
je suis satisfaite de mon achat	0	Not Dark Pattern
traduire	0	Not Dark Pattern
Articles Également Consultés	0	Not Dark Pattern
Abonnez-vous à notre newsletter pour suivre toute l'actualité en avant-première ! (Vous pouvez vous DÉSABONNER à tout moment).	0	Not Dark Pattern
Mes recherches	0	Not Dark Pattern
Favoris	0	Not Dark Pattern
Messages	0	Not Dark Pattern
Livraison possible	0	Not Dark Pattern
aujourd'hui à 22:40	0	Not Dark Pattern
Votre argent est sécurisé et versé au bon moment	0	Not Dark Pattern
Notre service client dédié vous accompagne	0	Not Dark Pattern
En savoir plus	0	Not Dark Pattern
Critères	0	Not Dark Pattern
Recevez ce bien à domicile ou à deux pas de chez vous	0	Not Dark Pattern
à votre domicile sous 2-3 jours	0	Not Dark Pattern
en point Mondial Relay sous 3-5 jours	0	Not Dark Pattern
en point Pickup sous 2-4 jours	0	Not Dark Pattern
Membre depuis octobre 2015	0	Not Dark Pattern
140 annonces	0	Not Dark Pattern
Économisez jusqu’à 20 % en achetant un lot !	0	Not Dark Pattern
Signaler l’annonce	0	Not Dark Pattern
Vos droits et obligations	0	Not Dark Pattern
Ces annonces peuvent vous intéresser	0	Not Dark Pattern
Voir plus d’annonces	0	Not Dark Pattern
Paiement sécurisé	0	Not Dark Pattern
Découvrir	0	Not Dark Pattern
FR	0	Not Dark Pattern
Nos marques de chaussures, vêtements et accessoires	0	Not Dark Pattern
Recevez les nouveautés, les promos et les inspirations mode en vous abonnant à nos newsletters.	0	Not Dark Pattern
Questions fréquentes	0	Not Dark Pattern
Livraison offerte pour les commandes de plus de 34€*	0	Not Dark Pattern
Satisfait ou remboursé sous 100 jours	0	Not Dark Pattern
à partir de 165,00 €	0	Not Dark Pattern
Sponsorisé	0	Not Dark Pattern
Plusieurs tailles disponibles	0	Not Dark Pattern
Promo	0	Not Dark Pattern
Livraison express	0	Not Dark Pattern
TVA incluse	0	Not Dark Pattern
Signaler un problème d'ordre juridique	0	Not Dark Pattern
Bonjour, nous avons une petite question pour vous :	0	Not Dark Pattern
Recommandations pour vous	0	Not Dark Pattern
Tout refuser	0	Not Dark Pattern
afficher toutes les finalités	0	Not Dark Pattern
Rechercher des articles et des marques	0	Not Dark Pattern
Best-sellers	0	Not Dark Pattern
Robes	0	Not Dark Pattern
Jupes	0	Not Dark Pattern
Shopper	0	Not Dark Pattern
Retours gratuits	0	Not Dark Pattern
VOUS ALLEZ ADORER ÇA	0	Not Dark Pattern
97,5 € (-25%)	0	Not Dark Pattern
COMPLÈTE TA TENUE AVEC	0	Not Dark Pattern
Il y a 1 mois	0	Not Dark Pattern
connexion	0	Not Dark Pattern
Payer en 3 versements de 26,16 €.	0	Not Dark Pattern
Réserver	0	Not Dark Pattern
8 BD DE BERCY 75012 PARIS - FRANCE	0	Not Dark Pattern
583 événements trouvés. Affinez vos résultats par :	0	Not Dark Pattern
Billet à partir de 52.00 €	0	Not Dark Pattern
Les dernières nouveautés.	0	Not Dark Pattern
Coup d’œil sur ce qui vient de sortir.	0	Not Dark Pattern
Coque en silicone avec MagSafe pour iPhone 15 - Bleu clair	0	Not Dark Pattern
59,00€	0	Not Dark Pattern
Vous avez besoin d’un temps de réflexion ?	0	Not Dark Pattern
Faites une sélection de tous vos articles préférés en les enregistrant dans Votre sélection, puis revenez à tout moment et reprenez exactement là où vous en étiez.	0	Not Dark Pattern
Enregistrer pour plus tard	0	Not Dark Pattern
Informations produit	0	Not Dark Pattern
1 autres coloris	0	Not Dark Pattern
Faites-vous aider pour l’achat.	0	Not Dark Pattern
Chattez dès maintenant(s’ouvre dans une nouvelle fenêtre) ou appelez le 0800 046 046.	0	Not Dark Pattern
Refuser et continuer	0	Not Dark Pattern
Gérer les paramètres	0	Not Dark Pattern
Que recherchez-vous ?	0	Not Dark Pattern
Lame de terrasse pin du Nord Lemhi Klikstrom L.240 x l.14,4 x ép. 2,7 cm	0	Not Dark Pattern
soit 21,82 €/ M2	0	Not Dark Pattern
Vérifier la disponibilité	0	Not Dark Pattern
10 ans	0	Not Dark Pattern
Photos partagées par nos clients	0	Not Dark Pattern
Livraison standard – 3 - 5 jours ouvrés	0	Not Dark Pattern
Paramètres des cookies	0	Not Dark Pattern
Le célèbre lapin sorti des livres d’images apporte son charme classique à une nouvelle collection douce et rassurante.	0	Not Dark Pattern
Continuer sans accepter	0	Not Dark Pattern
Gérer mes préfèrences	0	Not Dark Pattern
7142285	0	Not Dark Pattern
Produit ajouté à votre panier	0	Not Dark Pattern
A partir de 16,99 € TTC / mois	0	Not Dark Pattern
Étendre votre garantie	0	Not Dark Pattern
continuer sans accepter	0	Not Dark Pattern
taille de l'écran : 149	0	Not Dark Pattern
1 601 produits trouvés	0	Not Dark Pattern
512 Go	0	Not Dark Pattern
Etat correct 	0	Not Dark Pattern
Refuser	0	Not Dark Pattern
Voir le stock magasin	0	Not Dark Pattern
Gratuit	0	Not Dark Pattern
1€ = 1 point	0	Not Dark Pattern
Afficher les paramètres des cookies	0	Not Dark Pattern
Achat du 04/03/2024	0	Not Dark Pattern
Nouveauté	0	Not Dark Pattern
En rupture	0	Not Dark Pattern
Passer au paiement	0	Not Dark Pattern
Vous bénéficiez de la livraison offerte !	0	Not Dark Pattern
Ajouter	0	Not Dark Pattern
Qu'est-ce qui vous ferait plaisir ?	0	Not Dark Pattern
Je refuse	0	Not Dark Pattern
Une pièce - maillot de bain	0	Not Dark Pattern
2 places à ce prix 	1	Scarcity
Plus que 2 pièces disponibles !	1	Scarcity
Plus que 4 heures avant la fin de l'offre !	1	Scarcity
Plus que 10 places pour cet atelier !	1	Scarcity
Attention une seule chambre disponible !	1	Scarcity
Attention, d'autres personnes regardent cette réservation en ce moment	1	Scarcity
Plus que 1 à ce prix sur notre site	1	Scarcity
Etablissement réservé 3 fois à vos dates au cours des 12 dernières heures sur notre site	1	Scarcity
Plus que 4 hébergements à ce prix sur notre site	1	Scarcity
Dépêchez-vous! 4 autres personnes que vous ont déjà cet objet dans leur panier	1	Scarcity
Ne les laissez pas fuir! 24 personnes ont récemment regardé cet objet	1	Scarcity
Plus de 752 personnes ont ajouté shapewear à leur panier. Est-ce qu'il reste encore votre taille ?	1	Scarcity
Vite! 4 personnes l'ont déjà dans leur panier	1	Scarcity
Demandé	1	Scarcity
Vite! Plus que 2 en stock	1	Scarcity
3 en stock	1	Scarcity
Vite! Il n'en reste que 2	1	Scarcity
Il n'en reste plus que 8	1	Scarcity
Offre limitée	1	Scarcity
894 le veulent! Dépêchez, il en reste peu!	1	Scarcity
Plus que 2 en stock	1	Scarcity
Attention quantité limitée : Seulement 8 dans l'inventaire	1	Scarcity
Plus que 3 produits restants	1	Scarcity
Quantité : 3 restants	1	Scarcity
Cette taille n'en a plus qu'1 en stock	1	Scarcity
Vite! Il en reste peu	1	Scarcity
Dépêchez-vous! 	1	Scarcity
Les produits de votre panier sont très demandés	1	Scarcity
Vite! Plus qu'un en taille M	1	Scarcity
Quantité limitée	1	Scarcity
128 ventes aujourd'hui ! Attention il n'en reste pas beaucoup	1	Scarcity
Dernière chance d'avoir 10% de réduction	1	Scarcity
Forte demande! Complétez votre commande avant qu'il n'en reste plus!	1	Scarcity
Forte demande! Complétez votre commande avant qu'il soit trop tard!	1	Scarcity
Stock faible: 6 produits restants	1	Scarcity
2 restants	1	Scarcity
Ca se vend vite	1	Scarcity
Seulement quelques uns en stock	1	Scarcity
En stock - quantité limitée	1	Scarcity
Plus que 8 restants en stock. Bientôt partis	1	Scarcity
Seulement 1 en stock! Dépêchez-vous!	1	Scarcity
Dernière chance ! Plus qu'1	1	Scarcity
Nous avons peu de stock. Ne manquez pas votre chance	1	Scarcity
Actuellement 8 en stock	1	Scarcity
Actuellement moisn de 10 en stock	1	Scarcity
320 items sont partis	1	Scarcity
1 seul à ce prix	1	Scarcity
6 restants! Commandez vite	1	Scarcity
Pratiquement épuisé! Il n'en reste que 2	1	Scarcity
Dernier en stock	1	Scarcity
Forte demande	1	Scarcity
Moins de 5 restants	1	Scarcity
Vite! Bientôt épuisé	1	Scarcity
Vite, plus que 3 produits en stock! Achetez maintenant	1	Scarcity
Il y a seulement 1 produit restant	1	Scarcity
Seulement 2 en stock. Prenez-le	1	Scarcity
Offre en temps limité	1	Scarcity
Les produits de votre panier se vendent vite	1	Scarcity
Attention: derniers produits en stock	1	Scarcity
Les produits de votre panier sont fortement demandés mais nous avons réservé votre commande	1	Scarcity
167 pièces restantes pour cette promo	1	Scarcity
Ne dormez pas il n'en reste qu'1	1	Scarcity
Ne le manquez pas il n'en reste qu'1	1	Scarcity
Va se vendre vite	1	Scarcity
Veuillez noter que nos produits sont en quantité limités et rarement recommandés. Regardez maintenant, ne manquez pas l'occasion	1	Scarcity
Boîtes restantes 3	1	Scarcity
Une fois vendu, il n'y en aura plus	1	Scarcity
Commandez maintenant, il n'en reste que 2	1	Scarcity
Presque épuisé	1	Scarcity
Il n'en reste que 18	1	Scarcity
Forte demande sur ce produit, certaines variantes ne sont plus disponibles (Couleur et Taille)	1	Scarcity
1 place à ce prix	1	Scarcity
5 disponibles / 2 vendus	1	Scarcity
ÇA PART VITE	1	Scarcity
peu d'unités	1	Scarcity
Protection d'achat ajouté au panier	1	Sneaking
En créant un compte AliExpress, vous acceptez Contrat d'adhésion gratuite à AliExpress.com et la Politique de confidentialité	1	Sneaking
Ventes flash | Durée limitée achetez maintenant	1	Urgency
Vite ! En exclusif pour vous! 14:54	1	Urgency
l'offre termine dans	1	Urgency
Dépêchez-vous! l'offre se termine bientôt	1	Urgency
Votre commande est réservée pour 09:54 minutes!	1	Urgency
l'offre se termine dans 40:55:13	1	Urgency
Il reste peu de temps!	1	Urgency
11 Heures: 22 Minutes: 3223 Secondes	1	Urgency
Promotion de 10% 00:30:00	1	Urgency
Durée limitée: -10% sur le total!	1	Urgency
Dépêchez-vous! les prix augmentent dans 0 j 11 h 59 M 55 S	1	Urgency
Dernière chance - jusqu'à 70% - Prends fin dans: 20 H 28 MIN 30 SEC	1	Urgency
Vite > 09H 42M 39S	1	Urgency
En solde: T-Shirts à seulement 19.99€! Temps limité! economisez maintenant!	1	Urgency
vite, commandez d'ici 16h 59m 06s pour avoir 35% sur tout* EXCL SALE & BEAUTY ENTER: DOLL35	1	Urgency
Dernière chance... entrez votre email et bénéficiez de 20% sur votre première commande 00 heures :29 minutes :43 secondes	1	Urgency
L'offre expire dans: Vous voulez 10% sur votre première commande? 7 minutes 35 secondes	1	Urgency
Fin dans 1 Jour, 4 Minutes, 44 Secondes	1	Urgency
Vous avez 2 produits dans votre panier Supprimés dans: 29 minutes :07 secondes	1	Urgency
Temps limité!	1	Urgency
-30% maintenant - vite, offre limitée dans le temps!	1	Urgency
02:06:40 restant pour payer	1	Urgency
Les soldes finissent bientôt	1	Urgency
Soyez rapide 00:57:33 Ne le manquez pas	1	Urgency
economisez 30€, temps limité	1	Urgency
Ca finit dimanche!	1	Urgency
Les promotions d'aujourd'hui se finissent dans: 00heures:57min:19sec	1	Urgency
Offres explosives! 80% Sur tout 07:25:41	1	Urgency
00 J 02 H 26 M 12 S Fin des promotions lorsque le compteur atteint zéro!	1	Urgency
Votre panier va expirer dans 09:58 minutes!Notez que vos produits ne seront plus disponibles après expiration.	1	Urgency
Due à une forte demande, votre panier expire dans: 08:41	1	Urgency
Active pendant 0:30:00	1	Urgency
Vite! Ne manquez pas cette offre! J 1 H 1 MIN 3 SECONDE	1	Urgency
Dépêchez-vous avant que ça parte! Il reste peu de temps!	1	Urgency
Offre flash - Bientôt fini! 00 Heures : 55 1001 MINUtes : 0550 8778 SECONDeS	1	Urgency
Obtenez -10% additionnels sur votre panier 00 heures :29 minutes :26 secondes regardez maintenant	1	Urgency
Votre panier est réservé pendant 02:06:40	1	Urgency
Votre commande est réservés pendant 02:06:40	1	Urgency
Fin de l'offre vip dans 00:54:59	1	Urgency
Offre en temps limié - achetez maintenant !	1	Urgency
Produits réservés pour  15:00	1	Urgency
Votre commande est prioritaire pendant 13:22 minutes!	1	Urgency
Temps restant: 04:50	1	Urgency
Seulement disponible pour une durée limitée, prenez le votre aujourd'hui!	1	Urgency
STOCK GUARANTI PENDANT 60 MINUTES	1	Urgency
Les produits de votre panier seront réservés pendant 19:10	1	Urgency
Livraison GRATUITE vendredi 3 mai sur les commandes expédiées par Amazon de plus de 35€. Commandez dans les 7 h 19 min.	1	Urgency
Retrait GRATUIT samedi 4 mai. Commandez dans les 1 h 19 min	1	Urgency
-25% Valide(s) dès 29€ d'achat  Expire dans 	1	Urgency
La promo se termine dans 7 heures	1	Urgency
Aujourd'hui 2,15€ -82% dernières heures	1	Urgency
Offre spéciale | Dernières heures	1	Urgency
Offre spéciale | se termine bientôt	1	Urgency
Plus que 04h 34min 20sec pour être livré après-demain	1	Urgency
Cela vaut la peine de se dépêcher !	1	Urgency
Il ne vous reste que 6 heures pour réserver.	1	Urgency
Prix valable jusqu'à 17:57	1	Urgency
Offre à durée limitée	1	Urgency
En promo pendant une période limitée	1	Urgency
C'est dans votre panier, on vous le garde pendant 1 heure	1	Urgency
Les articles seront réservés pendant 60 minutes	1	Urgency